class	lines	parents
CUIBase	893	
CUIClassTree	31	
CUIHelper	721	
CUIManager	2677	
CUIPet	40	
CUIAcademy	1024	CUIBase
CUIBasic	15494	CUIBase
CUIBoard	357	CUIBase
CUIBuySpecialty	500	CUIBase
CUICallPartyMember	330	CUIBase
CUICashShop	4405	CUIBase
CUICashShopConfirm	1517	CUIBase
CUICashShopHelp	125	CUIBase
CUICashShopPackageItemInfo	529	CUIBase
CUICashShopResult	291	CUIBase
CUIChangeSex	319	CUIBase
CUICharInfo	1224	CUIBase
CUIChatWindowRegulation	77	CUIBase
CUICircle	1898	CUIBase
CUICommonWeddingWindow	576	CUIBase
CUIDiary	6411	CUIBase
CUIDied	233	CUIBase
CUIDivideMap	2036	CUIBase
CUIEmoticon	595	CUIBase
CUIEnchantHelp	155	CUIBase
CUIEnchantItem	922	CUIBase
CUIEquip	1289	CUIBase
CUIFightMakeRoom	1283	CUIBase
CUIFightRoom	2372	CUIBase
CUIFightRoomChannel	1566	CUIBase
CUIFightRoomResult	583	CUIBase
CUIFriend	3336	CUIBase
CUIGetIndunInfo	321	CUIBase
CUIHelp	463	CUIBase
CUIInventory	945	CUIBase
CUIItemSeal	450	CUIBase
CUIJobChange	823	CUIBase
CUIKeyMap	441	CUIBase
CUILobbyLogin	564	CUIBase
CUILobbyMakeChar	650	CUIBase
CUILobbySelChannel	1475	CUIBase
CUILobbySelChar	944	CUIBase
CUIMakeAvi	198	CUIBase
CUIMaking	963	CUIBase
CUIMapConqueror	337	CUIBase
CUIMapConquest	234	CUIBase
CUIMarryBoard	820	CUIBase
CUIMarryPetition	748	CUIBase
CUIMenu	432	CUIBase
CUIMessageBoxBase	180	CUIBase
CUIMyItem	281	CUIBase
CUINPC	3158	CUIBase
CUINPCLessonEnd	131	CUIBase
CUINPCMarketPetInfo	728	CUIBase
CUINPCMeritorious	351	CUIBase
CUINPCPetInfo	900	CUIBase
CUINPCPetShop	549	CUIBase
CUINPCQuest	869	CUIBase
CUINPCTest	642	CUIBase
CUIOption	1106	CUIBase
CUIPartyInfo	793	CUIBase
CUIPetInfo	1657	CUIBase
CUIPetKeeping	507	CUIBase
CUIPetMarketInfo	1041	CUIBase
CUIPetMarketRegister	473	CUIBase
CUIPetRelease	347	CUIBase
CUIPetSellInfo	303	CUIBase
CUIPopMenu	542	CUIBase
CUIPostIt	497	CUIBase
CUIPrivateShop	1648	CUIBase
CUIQuest	1550	CUIBase
CUIQuestAlarm	1172	CUIBase
CUIQuickChatting	1170	CUIBase
CUIRecall	253	CUIBase
CUIReceivePet	282	CUIBase
CUISalesAgencyMyList	290	CUIBase
CUISalesAgencyReceive	383	CUIBase
CUISalesAgencyRegist	571	CUIBase
CUISalesAgencySearch	1214	CUIBase
CUIScholarShip	250	CUIBase
CUISetEmoticon	226	CUIBase
CUIShopNPC	3302	CUIBase
CUIShopNPCEmblem	393	CUIBase
CUISkill	412	CUIBase
CUISkillShop	561	CUIBase
CUIStorage	1838	CUIBase
CUITitleMsgBox	169	CUIBase
CUITradeUser	865	CUIBase
CUIUserInfo	290	CUIBase
CUIViewInstanceProject	611	CUIBase
CUIWarMeritorious	580	CUIBase
CUIWeddingInvitation	516	CUIBase
CUIWishTree	82	CUIBase
CUIWorldMap	1521	CUIBase
CUIMessageBoxCalc	469	CUIMessageBoxBase
CUIMessageBoxEdit	604	CUIMessageBoxBase
CUIMessageBoxList	529	CUIMessageBoxBase
CUIMessageBoxMultLineOK	172	CUIMessageBoxBase
CUIMessageBoxMultLineOKLarge	172	CUIMessageBoxBase
CUIMessageBoxNotice	95	CUIMessageBoxBase
CUIMessageBoxOK	530	CUIMessageBoxBase
CUIMessageBoxRadioList	203	CUIMessageBoxBase
CUIMessageBoxSortList	199	CUIMessageBoxBase
CUITutorial	330	CUIMessageBoxBase
